{
  "project_info": {
    "project_number": "18531252231",
    "firebase_url": "https://fluttterapp-a2e1e-default-rtdb.asia-southeast1.firebasedatabase.app",
    "project_id": "fluttterapp-a2e1e",
    "storage_bucket": "fluttterapp-a2e1e.firebasestorage.app"
  },
  "client": [
    {
      "client_info": {
        "mobilesdk_app_id": "1:18531252231:android:35ebf35451f080a1c492a2",
        "android_client_info": {
          "package_name": "com.mycompany.proj2"
        }
      },
      "oauth_client": [],
      "api_key": [
        {
          "current_key": "AIzaSyCcYNL8rx0DUGFAC6NWxyJbfXjcnx-b7vE"
        }
      ],
      "services": {
        "appinvite_service": {
          "other_platform_oauth_client": []
        }
      }
    }
  ],
  "configuration_version": "1"
}